scheme_id,year,Oil,Natural gas,Coal/peat,currency_code,source,comment
mex_tax,2014,48.98202573,0,10.86363636,MXN,leg(LIEP[2020]),
mex_tax,2015,48.98202573,0,10.86363636,MXN,leg(LIEP[2020]),
mex_tax,2016,51.70947643,0,11.46969697,MXN,leg(LIEP[2020]),
mex_tax,2017,55.14681157,0,12.23106061,MXN,leg(LIEP[2020]),
mex_tax,2018,57.76217527,0,12.80681818,MXN,leg(LIEP[2020]),
mex_tax,2019,59.48084283,0,13.18560606,MXN,leg(LIEP[2020]),
mex_tax,2020,61.4614204,0,13.62469697,MXN,leg(LIEP[2020]),